Cluster Group,Cluster Name,Punk Name
0,The grey mohawk punk,Punk 2071.png
0,The grey mohawk punk,Punk 2348.png
0,The grey mohawk punk,Punk 2483.png
0,The grey mohawk punk,Punk 3310.png
0,The grey mohawk punk,Punk 3591.png
0,The grey mohawk punk,Punk 6007.png
0,The grey mohawk punk,Punk 8375.png
0,The grey mohawk punk,Punk 8508.png
0,The grey mohawk punk,Punk 8624.png
0,The grey mohawk punk,Punk 8876.png
0,The grey mohawk punk,Punk 8908.png
0,The grey mohawk punk,Punk 9236.png
0,The grey mohawk punk,Punk 9862.png
1,"The ""RYB"" hat dudes",Punk 0824.png
1,"The ""RYB"" hat dudes",Punk 4506.png
1,"The ""RYB"" hat dudes",Punk 5690.png
1,"The ""RYB"" hat dudes",Punk 7261.png
1,"The ""RYB"" hat dudes",Punk 7407.png
1,"The ""RYB"" hat dudes",Punk 7656.png
1,"The ""RYB"" hat dudes",Punk 7996.png
1,"The ""RYB"" hat dudes",Punk 8785.png
1,"The ""RYB"" hat dudes",Punk 9129.png
1,"The ""RYB"" hat dudes",Punk 9749.png
2,"The ""ginger"" bearded man",Punk 1968.png
2,"The ""ginger"" bearded man",Punk 2539.png
2,"The ""ginger"" bearded man",Punk 6105.png
2,"The ""ginger"" bearded man",Punk 6615.png
2,"The ""ginger"" bearded man",Punk 6809.png
2,"The ""ginger"" bearded man",Punk 7316.png
2,"The ""ginger"" bearded man",Punk 8395.png
2,"The ""ginger"" bearded man",Punk 8564.png
3,The yellow mohawk punk,Punk 1436.png
3,The yellow mohawk punk,Punk 3325.png
3,The yellow mohawk punk,Punk 3455.png
3,The yellow mohawk punk,Punk 4050.png
3,The yellow mohawk punk,Punk 4174.png
3,The yellow mohawk punk,Punk 4556.png
3,The yellow mohawk punk,Punk 4968.png
3,The yellow mohawk punk,Punk 4994.png
3,The yellow mohawk punk,Punk 6553.png
3,The yellow mohawk punk,Punk 7835.png
3,The yellow mohawk punk,Punk 7961.png
3,The yellow mohawk punk,Punk 8177.png
3,The yellow mohawk punk,Punk 8540.png
3,The yellow mohawk punk,Punk 9103.png
3,The yellow mohawk punk,Punk 9345.png
3,The yellow mohawk punk,Punk 9426.png
3,The yellow mohawk punk,Punk 9643.png
4,The blue hair brother,Punk 2246.png
4,The blue hair brother,Punk 4209.png
4,The blue hair brother,Punk 4436.png
4,The blue hair brother,Punk 5371.png
4,The blue hair brother,Punk 7007.png
4,The blue hair brother,Punk 9065.png
4,The blue hair brother,Punk 9847.png
5,The green long curled hair punks,Punk 2588.png
5,The green long curled hair punks,Punk 2960.png
5,The green long curled hair punks,Punk 3008.png
5,The green long curled hair punks,Punk 3277.png
5,The green long curled hair punks,Punk 3343.png
5,The green long curled hair punks,Punk 3385.png
5,The green long curled hair punks,Punk 3581.png
5,The green long curled hair punks,Punk 4044.png
5,The green long curled hair punks,Punk 4797.png
5,The green long curled hair punks,Punk 7045.png
5,The green long curled hair punks,Punk 7887.png
5,The green long curled hair punks,Punk 8485.png
5,The green long curled hair punks,Punk 8746.png
5,The green long curled hair punks,Punk 9194.png
5,The green long curled hair punks,Punk 9358.png
6,The 3d glasses mister,Punk 0561.png
6,The 3d glasses mister,Punk 1326.png
6,The 3d glasses mister,Punk 1510.png
6,The 3d glasses mister,Punk 3007.png
6,The 3d glasses mister,Punk 3925.png
6,The 3d glasses mister,Punk 5750.png
6,The 3d glasses mister,Punk 6080.png
7,The orange curled hair punk,Punk 0950.png
7,The orange curled hair punk,Punk 5078.png
7,The orange curled hair punk,Punk 5142.png
7,The orange curled hair punk,Punk 6274.png
7,The orange curled hair punk,Punk 9362.png
8,The red mohawk punk,Punk 2634.png
8,The red mohawk punk,Punk 5137.png
8,The red mohawk punk,Punk 6734.png
8,The red mohawk punk,Punk 6767.png
8,The red mohawk punk,Punk 8635.png
8,The red mohawk punk,Punk 8888.png
9,The green centrally bald hair punk,Punk 5272.png
9,The green centrally bald hair punk,Punk 7651.png
9,The green centrally bald hair punk,Punk 8344.png
10,The square-faced family,Punk 0139.png
10,The square-faced family,Punk 0583.png
10,The square-faced family,Punk 0852.png
10,The square-faced family,Punk 2050.png
10,The square-faced family,Punk 2108.png
10,The square-faced family,Punk 2165.png
10,The square-faced family,Punk 2377.png
10,The square-faced family,Punk 2653.png
10,The square-faced family,Punk 2767.png
10,The square-faced family,Punk 2788.png
10,The square-faced family,Punk 4325.png
10,The square-faced family,Punk 5016.png
10,The square-faced family,Punk 5754.png
10,The square-faced family,Punk 6334.png
10,The square-faced family,Punk 8622.png
10,The square-faced family,Punk 9421.png
10,The square-faced family,Punk 9673.png
10,The square-faced family,Punk 9973.png
11,The triangle-faced glasses ladies,Punk 0240.png
11,The triangle-faced glasses ladies,Punk 0985.png
11,The triangle-faced glasses ladies,Punk 4829.png
11,The triangle-faced glasses ladies,Punk 6350.png
11,The triangle-faced glasses ladies,Punk 8044.png
11,The triangle-faced glasses ladies,Punk 8394.png
12,"The ""ginger"" bearded and weird-ass hat dudes",Punk 2130.png
12,"The ""ginger"" bearded and weird-ass hat dudes",Punk 4029.png
12,"The ""ginger"" bearded and weird-ass hat dudes",Punk 6262.png
12,"The ""ginger"" bearded and weird-ass hat dudes",Punk 8569.png
13,"The triangular pony ""Eastern European"" chuvak",Punk 0526.png
13,"The triangular pony ""Eastern European"" chuvak",Punk 0750.png
13,"The triangular pony ""Eastern European"" chuvak",Punk 1007.png
13,"The triangular pony ""Eastern European"" chuvak",Punk 2688.png
13,"The triangular pony ""Eastern European"" chuvak",Punk 3010.png
13,"The triangular pony ""Eastern European"" chuvak",Punk 3588.png
13,"The triangular pony ""Eastern European"" chuvak",Punk 3661.png
13,"The triangular pony ""Eastern European"" chuvak",Punk 4282.png
13,"The triangular pony ""Eastern European"" chuvak",Punk 4632.png
13,"The triangular pony ""Eastern European"" chuvak",Punk 5006.png
13,"The triangular pony ""Eastern European"" chuvak",Punk 5028.png
13,"The triangular pony ""Eastern European"" chuvak",Punk 5338.png
13,"The triangular pony ""Eastern European"" chuvak",Punk 6658.png
13,"The triangular pony ""Eastern European"" chuvak",Punk 6788.png
13,"The triangular pony ""Eastern European"" chuvak",Punk 6876.png
13,"The triangular pony ""Eastern European"" chuvak",Punk 7115.png
13,"The triangular pony ""Eastern European"" chuvak",Punk 7612.png
13,"The triangular pony ""Eastern European"" chuvak",Punk 7624.png
13,"The triangular pony ""Eastern European"" chuvak",Punk 7890.png
13,"The triangular pony ""Eastern European"" chuvak",Punk 8139.png
13,"The triangular pony ""Eastern European"" chuvak",Punk 8237.png
13,"The triangular pony ""Eastern European"" chuvak",Punk 8357.png
13,"The triangular pony ""Eastern European"" chuvak",Punk 9143.png
13,"The triangular pony ""Eastern European"" chuvak",Punk 9655.png
14,The grey black capped and bearded boys,Punk 1008.png
14,The grey black capped and bearded boys,Punk 1014.png
14,The grey black capped and bearded boys,Punk 1095.png
14,The grey black capped and bearded boys,Punk 1667.png
14,The grey black capped and bearded boys,Punk 9156.png
14,The grey black capped and bearded boys,Punk 9842.png
15,The bald black bearded boys,Punk 2770.png
15,The bald black bearded boys,Punk 5197.png
15,The bald black bearded boys,Punk 9117.png
15,The bald black bearded boys,Punk 9340.png
16,The pentagon face punk,Punk 0886.png
16,The pentagon face punk,Punk 1495.png
16,The pentagon face punk,Punk 3334.png
16,The pentagon face punk,Punk 4899.png
16,The pentagon face punk,Punk 5120.png
16,The pentagon face punk,Punk 6158.png
16,The pentagon face punk,Punk 6509.png
16,The pentagon face punk,Punk 6571.png
16,The pentagon face punk,Punk 7521.png
16,The pentagon face punk,Punk 7622.png
16,The pentagon face punk,Punk 8296.png
16,The pentagon face punk,Punk 8514.png
16,The pentagon face punk,Punk 8937.png
16,The pentagon face punk,Punk 9200.png
16,The pentagon face punk,Punk 9261.png
16,The pentagon face punk,Punk 9731.png
16,The pentagon face punk,Punk 9971.png
17,The side black ponytail girls,Punk 1721.png
17,The side black ponytail girls,Punk 2121.png
17,The side black ponytail girls,Punk 2502.png
17,The side black ponytail girls,Punk 3755.png
17,The side black ponytail girls,Punk 5679.png
17,The side black ponytail girls,Punk 6073.png
17,The side black ponytail girls,Punk 9058.png
17,The side black ponytail girls,Punk 9546.png
18,The purple cap mates,Punk 3182.png
18,The purple cap mates,Punk 3454.png
18,The purple cap mates,Punk 4049.png
18,The purple cap mates,Punk 5189.png
18,The purple cap mates,Punk 6167.png
18,The purple cap mates,Punk 6748.png
18,The purple cap mates,Punk 6787.png
18,The purple cap mates,Punk 6819.png
18,The purple cap mates,Punk 6915.png
18,The purple cap mates,Punk 7146.png
18,The purple cap mates,Punk 7425.png
18,The purple cap mates,Punk 7533.png
18,The purple cap mates,Punk 7633.png
18,The purple cap mates,Punk 8677.png
18,The purple cap mates,Punk 8735.png
18,The purple cap mates,Punk 8988.png
18,The purple cap mates,Punk 9173.png
18,The purple cap mates,Punk 9260.png
18,The purple cap mates,Punk 9322.png
18,The purple cap mates,Punk 9537.png
18,The purple cap mates,Punk 9753.png
19,The glasses cigarellos punk,Punk 1424.png
19,The glasses cigarellos punk,Punk 1997.png
19,The glasses cigarellos punk,Punk 2451.png
19,The glasses cigarellos punk,Punk 3429.png
19,The glasses cigarellos punk,Punk 3508.png
19,The glasses cigarellos punk,Punk 3699.png
19,The glasses cigarellos punk,Punk 4293.png
19,The glasses cigarellos punk,Punk 4879.png
19,The glasses cigarellos punk,Punk 4982.png
19,The glasses cigarellos punk,Punk 5074.png
19,The glasses cigarellos punk,Punk 5555.png
19,The glasses cigarellos punk,Punk 6046.png
19,The glasses cigarellos punk,Punk 7527.png
19,The glasses cigarellos punk,Punk 7864.png
19,The glasses cigarellos punk,Punk 8158.png
19,The glasses cigarellos punk,Punk 8682.png
19,The glasses cigarellos punk,Punk 8783.png
19,The glasses cigarellos punk,Punk 9204.png
19,The glasses cigarellos punk,Punk 9289.png
19,The glasses cigarellos punk,Punk 9548.png
20,The black forest beard boys,Punk 2295.png
20,The black forest beard boys,Punk 2406.png
20,The black forest beard boys,Punk 2534.png
20,The black forest beard boys,Punk 4261.png
20,The black forest beard boys,Punk 4444.png
20,The black forest beard boys,Punk 4904.png
20,The black forest beard boys,Punk 5756.png
20,The black forest beard boys,Punk 6406.png
20,The black forest beard boys,Punk 6474.png
20,The black forest beard boys,Punk 8214.png
20,The black forest beard boys,Punk 8593.png
20,The black forest beard boys,Punk 9498.png
21,The silver mohawk punks,Punk 1697.png
21,The silver mohawk punks,Punk 1776.png
21,The silver mohawk punks,Punk 4664.png
21,The silver mohawk punks,Punk 5532.png
21,The silver mohawk punks,Punk 6861.png
21,The silver mohawk punks,Punk 7556.png
21,The silver mohawk punks,Punk 7594.png
22,The red fetish accessories punks,Punk 2887.png
22,The red fetish accessories punks,Punk 4152.png
22,The red fetish accessories punks,Punk 8603.png
23,The Caribbean cigars drugdealers,Punk 1288.png
23,The Caribbean cigars drugdealers,Punk 1448.png
23,The Caribbean cigars drugdealers,Punk 2049.png
23,The Caribbean cigars drugdealers,Punk 3603.png
23,The Caribbean cigars drugdealers,Punk 3618.png
23,The Caribbean cigars drugdealers,Punk 4816.png
23,The Caribbean cigars drugdealers,Punk 6826.png
23,The Caribbean cigars drugdealers,Punk 8990.png
23,The Caribbean cigars drugdealers,Punk 9206.png
23,The Caribbean cigars drugdealers,Punk 9512.png
24,The white cigarette boys,Punk 1613.png
24,The white cigarette boys,Punk 2070.png
24,The white cigarette boys,Punk 2585.png
24,The white cigarette boys,Punk 5140.png
24,The white cigarette boys,Punk 6833.png
25,The weird-ass sunglasses mates,Punk 1088.png
25,The weird-ass sunglasses mates,Punk 1605.png
25,The weird-ass sunglasses mates,Punk 1739.png
25,The weird-ass sunglasses mates,Punk 5936.png
25,The weird-ass sunglasses mates,Punk 6332.png
25,The weird-ass sunglasses mates,Punk 9617.png
26,The cat-eye sunglasses punks,Punk 1093.png
26,The cat-eye sunglasses punks,Punk 2600.png
26,The cat-eye sunglasses punks,Punk 3792.png
26,The cat-eye sunglasses punks,Punk 4601.png
26,The cat-eye sunglasses punks,Punk 5828.png
26,The cat-eye sunglasses punks,Punk 6118.png
26,The cat-eye sunglasses punks,Punk 7249.png
26,The cat-eye sunglasses punks,Punk 7851.png
26,The cat-eye sunglasses punks,Punk 7972.png
26,The cat-eye sunglasses punks,Punk 8163.png
26,The cat-eye sunglasses punks,Punk 9252.png
26,The cat-eye sunglasses punks,Punk 9859.png
27,The black bearded and brown mustache bros,Punk 2097.png
27,The black bearded and brown mustache bros,Punk 2106.png
27,The black bearded and brown mustache bros,Punk 2350.png
27,The black bearded and brown mustache bros,Punk 4148.png
27,The black bearded and brown mustache bros,Punk 6838.png
27,The black bearded and brown mustache bros,Punk 7019.png
27,The black bearded and brown mustache bros,Punk 8547.png
28,The square transparent sunglasses mates,Punk 0259.png
28,The square transparent sunglasses mates,Punk 2221.png
28,The square transparent sunglasses mates,Punk 4529.png
28,The square transparent sunglasses mates,Punk 4826.png
28,The square transparent sunglasses mates,Punk 6813.png
28,The square transparent sunglasses mates,Punk 8113.png
29,The blue ponytail sisters,Punk 0318.png
29,The blue ponytail sisters,Punk 1939.png
29,The blue ponytail sisters,Punk 3796.png
29,The blue ponytail sisters,Punk 3824.png
29,The blue ponytail sisters,Punk 5717.png
29,The blue ponytail sisters,Punk 9286.png
30,The blonde mohawk and pentagon-faced punks,Punk 1977.png
30,The blonde mohawk and pentagon-faced punks,Punk 2860.png
30,The blonde mohawk and pentagon-faced punks,Punk 3149.png
30,The blonde mohawk and pentagon-faced punks,Punk 3513.png
30,The blonde mohawk and pentagon-faced punks,Punk 7344.png
30,The blonde mohawk and pentagon-faced punks,Punk 7678.png
30,The blonde mohawk and pentagon-faced punks,Punk 7803.png
30,The blonde mohawk and pentagon-faced punks,Punk 7889.png
30,The blonde mohawk and pentagon-faced punks,Punk 8855.png
31,The red square sunglasses punk,Punk 3831.png
31,The red square sunglasses punk,Punk 5500.png
31,The red square sunglasses punk,Punk 8696.png
32,The cigars tanned-skin punks,Punk 3894.png
32,The cigars tanned-skin punks,Punk 5096.png
32,The cigars tanned-skin punks,Punk 7814.png
32,The cigars tanned-skin punks,Punk 8582.png
33,The rounded sunglasses punk,Punk 1474.png
33,The rounded sunglasses punk,Punk 3406.png
33,The rounded sunglasses punk,Punk 3478.png
33,The rounded sunglasses punk,Punk 3650.png
33,The rounded sunglasses punk,Punk 3835.png
33,The rounded sunglasses punk,Punk 4026.png
33,The rounded sunglasses punk,Punk 4179.png
33,The rounded sunglasses punk,Punk 5176.png
33,The rounded sunglasses punk,Punk 5695.png
33,The rounded sunglasses punk,Punk 6372.png
33,The rounded sunglasses punk,Punk 7552.png
33,The rounded sunglasses punk,Punk 7838.png
33,The rounded sunglasses punk,Punk 8691.png
33,The rounded sunglasses punk,Punk 8897.png
33,The rounded sunglasses punk,Punk 8913.png
33,The rounded sunglasses punk,Punk 9432.png
33,The rounded sunglasses punk,Punk 9750.png
34,The yellow-gradient haired moms,Punk 0486.png
34,The yellow-gradient haired moms,Punk 1766.png
34,The yellow-gradient haired moms,Punk 3201.png
34,The yellow-gradient haired moms,Punk 3432.png
34,The yellow-gradient haired moms,Punk 3653.png
34,The yellow-gradient haired moms,Punk 3697.png
34,The yellow-gradient haired moms,Punk 3812.png
34,The yellow-gradient haired moms,Punk 4019.png
34,The yellow-gradient haired moms,Punk 4225.png
34,The yellow-gradient haired moms,Punk 4235.png
34,The yellow-gradient haired moms,Punk 4798.png
34,The yellow-gradient haired moms,Punk 4941.png
34,The yellow-gradient haired moms,Punk 5177.png
34,The yellow-gradient haired moms,Punk 5295.png
34,The yellow-gradient haired moms,Punk 5621.png
34,The yellow-gradient haired moms,Punk 6263.png
34,The yellow-gradient haired moms,Punk 6265.png
34,The yellow-gradient haired moms,Punk 6381.png
34,The yellow-gradient haired moms,Punk 6592.png
34,The yellow-gradient haired moms,Punk 7802.png
34,The yellow-gradient haired moms,Punk 8149.png
34,The yellow-gradient haired moms,Punk 8745.png
34,The yellow-gradient haired moms,Punk 9866.png
35,The Blue bandana mistress,Punk 0845.png
35,The Blue bandana mistress,Punk 6498.png
35,The Blue bandana mistress,Punk 6698.png
35,The Blue bandana mistress,Punk 6868.png
35,The Blue bandana mistress,Punk 8376.png
35,The Blue bandana mistress,Punk 8924.png
35,The Blue bandana mistress,Punk 9414.png
36,The gray brown cap dudes,Punk 3056.png
36,The gray brown cap dudes,Punk 3463.png
36,The gray brown cap dudes,Punk 4320.png
36,The gray brown cap dudes,Punk 4794.png
36,The gray brown cap dudes,Punk 5447.png
36,The gray brown cap dudes,Punk 6412.png
36,The gray brown cap dudes,Punk 6544.png
36,The gray brown cap dudes,Punk 6951.png
36,The gray brown cap dudes,Punk 8991.png
37,The luxury designer sunglasses GEN Z,Punk 0803.png
37,The luxury designer sunglasses GEN Z,Punk 1812.png
37,The luxury designer sunglasses GEN Z,Punk 2883.png
37,The luxury designer sunglasses GEN Z,Punk 3085.png
37,The luxury designer sunglasses GEN Z,Punk 3226.png
37,The luxury designer sunglasses GEN Z,Punk 3566.png
37,The luxury designer sunglasses GEN Z,Punk 3577.png
37,The luxury designer sunglasses GEN Z,Punk 6012.png
37,The luxury designer sunglasses GEN Z,Punk 6579.png
37,The luxury designer sunglasses GEN Z,Punk 6614.png
37,The luxury designer sunglasses GEN Z,Punk 7242.png
37,The luxury designer sunglasses GEN Z,Punk 7508.png
37,The luxury designer sunglasses GEN Z,Punk 8612.png
37,The luxury designer sunglasses GEN Z,Punk 9375.png
37,The luxury designer sunglasses GEN Z,Punk 9508.png
37,The luxury designer sunglasses GEN Z,Punk 9536.png
38,The Indo European descendants,Punk 0089.png
38,The Indo European descendants,Punk 0488.png
38,The Indo European descendants,Punk 0509.png
38,The Indo European descendants,Punk 0548.png
38,The Indo European descendants,Punk 0556.png
38,The Indo European descendants,Punk 1004.png
38,The Indo European descendants,Punk 1015.png
38,The Indo European descendants,Punk 1376.png
38,The Indo European descendants,Punk 1388.png
38,The Indo European descendants,Punk 1527.png
38,The Indo European descendants,Punk 1535.png
38,The Indo European descendants,Punk 1752.png
38,The Indo European descendants,Punk 1761.png
38,The Indo European descendants,Punk 1967.png
38,The Indo European descendants,Punk 2017.png
38,The Indo European descendants,Punk 2177.png
38,The Indo European descendants,Punk 2181.png
38,The Indo European descendants,Punk 2202.png
38,The Indo European descendants,Punk 2396.png
38,The Indo European descendants,Punk 2462.png
38,The Indo European descendants,Punk 2578.png
38,The Indo European descendants,Punk 2850.png
38,The Indo European descendants,Punk 3126.png
38,The Indo European descendants,Punk 3314.png
38,The Indo European descendants,Punk 3853.png
38,The Indo European descendants,Punk 4161.png
38,The Indo European descendants,Punk 4295.png
38,The Indo European descendants,Punk 4726.png
38,The Indo European descendants,Punk 4815.png
38,The Indo European descendants,Punk 5117.png
38,The Indo European descendants,Punk 5613.png
38,The Indo European descendants,Punk 5634.png
38,The Indo European descendants,Punk 6405.png
38,The Indo European descendants,Punk 7354.png
38,The Indo European descendants,Punk 7885.png
38,The Indo European descendants,Punk 9451.png
38,The Indo European descendants,Punk 9867.png
39,The blue-haired ponytail dudes,Punk 0730.png
39,The blue-haired ponytail dudes,Punk 1337.png
39,The blue-haired ponytail dudes,Punk 1717.png
39,The blue-haired ponytail dudes,Punk 1831.png
39,The blue-haired ponytail dudes,Punk 2866.png
39,The blue-haired ponytail dudes,Punk 3378.png
39,The blue-haired ponytail dudes,Punk 3626.png
39,The blue-haired ponytail dudes,Punk 5722.png
39,The blue-haired ponytail dudes,Punk 7271.png
39,The blue-haired ponytail dudes,Punk 7298.png
39,The blue-haired ponytail dudes,Punk 8143.png
39,The blue-haired ponytail dudes,Punk 8335.png
39,The blue-haired ponytail dudes,Punk 8869.png
39,The blue-haired ponytail dudes,Punk 8927.png
39,The blue-haired ponytail dudes,Punk 9047.png
39,The blue-haired ponytail dudes,Punk 9056.png
39,The blue-haired ponytail dudes,Punk 9447.png
39,The blue-haired ponytail dudes,Punk 9521.png
40,The blue bandana mates,Punk 1435.png
40,The blue bandana mates,Punk 1871.png
40,The blue bandana mates,Punk 1874.png
40,The blue bandana mates,Punk 1898.png
40,The blue bandana mates,Punk 3327.png
40,The blue bandana mates,Punk 5549.png
40,The blue bandana mates,Punk 6108.png
40,The blue bandana mates,Punk 6832.png
40,The blue bandana mates,Punk 7571.png
40,The blue bandana mates,Punk 7716.png
40,The blue bandana mates,Punk 8941.png
41,The yellow-haired dyed special punk,Punk 1958.png
41,The yellow-haired dyed special punk,Punk 1985.png
41,The yellow-haired dyed special punk,Punk 2713.png
41,The yellow-haired dyed special punk,Punk 6215.png
41,The yellow-haired dyed special punk,Punk 6797.png
41,The yellow-haired dyed special punk,Punk 7056.png
41,The yellow-haired dyed special punk,Punk 7751.png
41,The yellow-haired dyed special punk,Punk 8020.png
41,The yellow-haired dyed special punk,Punk 9522.png
42,The pale maked-up party girls,Punk 3770.png
42,The pale maked-up party girls,Punk 4313.png
42,The pale maked-up party girls,Punk 5629.png
43,The brown marlboro punks,Punk 0235.png
43,The brown marlboro punks,Punk 0449.png
43,The brown marlboro punks,Punk 1944.png
43,The brown marlboro punks,Punk 2041.png
43,The brown marlboro punks,Punk 2127.png
43,The brown marlboro punks,Punk 2172.png
43,The brown marlboro punks,Punk 2873.png
43,The brown marlboro punks,Punk 3155.png
43,The brown marlboro punks,Punk 3798.png
43,The brown marlboro punks,Punk 4686.png
43,The brown marlboro punks,Punk 5227.png
43,The brown marlboro punks,Punk 5309.png
43,The brown marlboro punks,Punk 5931.png
43,The brown marlboro punks,Punk 7118.png
43,The brown marlboro punks,Punk 7306.png
43,The brown marlboro punks,Punk 8057.png
43,The brown marlboro punks,Punk 8287.png
43,The brown marlboro punks,Punk 8420.png
43,The brown marlboro punks,Punk 8621.png
43,The brown marlboro punks,Punk 8727.png
43,The brown marlboro punks,Punk 8774.png
43,The brown marlboro punks,Punk 8797.png
43,The brown marlboro punks,Punk 8949.png
43,The brown marlboro punks,Punk 9249.png
43,The brown marlboro punks,Punk 9581.png
44,The blue ponytail and beardless brothers,Punk 0118.png
44,The blue ponytail and beardless brothers,Punk 0353.png
44,The blue ponytail and beardless brothers,Punk 0855.png
44,The blue ponytail and beardless brothers,Punk 1587.png
44,The blue ponytail and beardless brothers,Punk 2652.png
44,The blue ponytail and beardless brothers,Punk 2772.png
44,The blue ponytail and beardless brothers,Punk 4116.png
44,The blue ponytail and beardless brothers,Punk 5829.png
44,The blue ponytail and beardless brothers,Punk 6021.png
44,The blue ponytail and beardless brothers,Punk 7852.png
44,The blue ponytail and beardless brothers,Punk 8249.png
44,The blue ponytail and beardless brothers,Punk 9775.png
45,The black curly hair punks,Punk 0203.png
45,The black curly hair punks,Punk 0286.png
45,The black curly hair punks,Punk 1006.png
45,The black curly hair punks,Punk 1882.png
45,The black curly hair punks,Punk 2211.png
45,The black curly hair punks,Punk 2292.png
45,The black curly hair punks,Punk 3238.png
45,The black curly hair punks,Punk 3751.png
45,The black curly hair punks,Punk 3978.png
45,The black curly hair punks,Punk 4108.png
45,The black curly hair punks,Punk 4991.png
45,The black curly hair punks,Punk 5334.png
45,The black curly hair punks,Punk 5687.png
45,The black curly hair punks,Punk 5930.png
45,The black curly hair punks,Punk 6095.png
45,The black curly hair punks,Punk 6140.png
45,The black curly hair punks,Punk 6501.png
45,The black curly hair punks,Punk 7349.png
46,The oranged-house hair punks,Punk 0531.png
46,The oranged-house hair punks,Punk 0535.png
46,The oranged-house hair punks,Punk 0547.png
46,The oranged-house hair punks,Punk 0661.png
46,The oranged-house hair punks,Punk 1089.png
46,The oranged-house hair punks,Punk 2458.png
46,The oranged-house hair punks,Punk 2487.png
46,The oranged-house hair punks,Punk 2906.png
46,The oranged-house hair punks,Punk 3359.png
46,The oranged-house hair punks,Punk 3634.png
46,The oranged-house hair punks,Punk 4085.png
46,The oranged-house hair punks,Punk 5516.png
46,The oranged-house hair punks,Punk 5604.png
46,The oranged-house hair punks,Punk 6211.png
46,The oranged-house hair punks,Punk 6567.png
46,The oranged-house hair punks,Punk 6803.png
46,The oranged-house hair punks,Punk 6884.png
46,The oranged-house hair punks,Punk 7992.png
46,The oranged-house hair punks,Punk 8423.png
46,The oranged-house hair punks,Punk 8604.png
46,The oranged-house hair punks,Punk 9242.png
46,The oranged-house hair punks,Punk 9730.png
46,The oranged-house hair punks,Punk 9806.png
47,The squared-faced and round-sunglasses beach boys,Punk 0447.png
47,The squared-faced and round-sunglasses beach boys,Punk 0909.png
47,The squared-faced and round-sunglasses beach boys,Punk 1719.png
47,The squared-faced and round-sunglasses beach boys,Punk 4338.png
47,The squared-faced and round-sunglasses beach boys,Punk 5091.png
47,The squared-faced and round-sunglasses beach boys,Punk 8130.png
48,The grey-hoodie and 3d glasses dudes,Punk 0465.png
48,The grey-hoodie and 3d glasses dudes,Punk 0924.png
48,The grey-hoodie and 3d glasses dudes,Punk 4441.png
48,The grey-hoodie and 3d glasses dudes,Punk 8305.png
49,The oranged-house hair and weird-ass eyes punks,Punk 0538.png
49,The oranged-house hair and weird-ass eyes punks,Punk 3402.png
49,The oranged-house hair and weird-ass eyes punks,Punk 6573.png
49,The oranged-house hair and weird-ass eyes punks,Punk 9271.png
50,The pink-haired and black-Parisian-hat mistress,Punk 2015.png
50,The pink-haired and black-Parisian-hat mistress,Punk 3057.png
50,The pink-haired and black-Parisian-hat mistress,Punk 3519.png
50,The pink-haired and black-Parisian-hat mistress,Punk 4300.png
50,The pink-haired and black-Parisian-hat mistress,Punk 4346.png
50,The pink-haired and black-Parisian-hat mistress,Punk 4535.png
50,The pink-haired and black-Parisian-hat mistress,Punk 4880.png
50,The pink-haired and black-Parisian-hat mistress,Punk 6727.png
50,The pink-haired and black-Parisian-hat mistress,Punk 6807.png
50,The pink-haired and black-Parisian-hat mistress,Punk 8552.png
50,The pink-haired and black-Parisian-hat mistress,Punk 8725.png
50,The pink-haired and black-Parisian-hat mistress,Punk 9539.png
51,The oranged-house hair and 3d glasses bros,Punk 0457.png
51,The oranged-house hair and 3d glasses bros,Punk 6566.png
51,The oranged-house hair and 3d glasses bros,Punk 8838.png
52,The brown eyelids punk,Punk 1804.png
52,The brown eyelids punk,Punk 9763.png
53,The purple electrified hair punks,Punk 0762.png
53,The purple electrified hair punks,Punk 1005.png
53,The purple electrified hair punks,Punk 1127.png
53,The purple electrified hair punks,Punk 2250.png
53,The purple electrified hair punks,Punk 2353.png
53,The purple electrified hair punks,Punk 2879.png
53,The purple electrified hair punks,Punk 3188.png
53,The purple electrified hair punks,Punk 3696.png
53,The purple electrified hair punks,Punk 4234.png
53,The purple electrified hair punks,Punk 4271.png
53,The purple electrified hair punks,Punk 4850.png
53,The purple electrified hair punks,Punk 4956.png
53,The purple electrified hair punks,Punk 5397.png
53,The purple electrified hair punks,Punk 5480.png
53,The purple electrified hair punks,Punk 5686.png
53,The purple electrified hair punks,Punk 6473.png
53,The purple electrified hair punks,Punk 6778.png
53,The purple electrified hair punks,Punk 6937.png
53,The purple electrified hair punks,Punk 7018.png
53,The purple electrified hair punks,Punk 7910.png
53,The purple electrified hair punks,Punk 8479.png
53,The purple electrified hair punks,Punk 8601.png
53,The purple electrified hair punks,Punk 8978.png
53,The purple electrified hair punks,Punk 8998.png
53,The purple electrified hair punks,Punk 9220.png
53,The purple electrified hair punks,Punk 9856.png
54,The thick jawlined punk,Punk 0402.png
54,The thick jawlined punk,Punk 0435.png
54,The thick jawlined punk,Punk 0680.png
54,The thick jawlined punk,Punk 1241.png
54,The thick jawlined punk,Punk 1677.png
54,The thick jawlined punk,Punk 1778.png
54,The thick jawlined punk,Punk 1852.png
54,The thick jawlined punk,Punk 1919.png
54,The thick jawlined punk,Punk 2287.png
54,The thick jawlined punk,Punk 2379.png
54,The thick jawlined punk,Punk 2541.png
54,The thick jawlined punk,Punk 2542.png
54,The thick jawlined punk,Punk 2612.png
54,The thick jawlined punk,Punk 2636.png
54,The thick jawlined punk,Punk 2762.png
54,The thick jawlined punk,Punk 2989.png
54,The thick jawlined punk,Punk 3003.png
54,The thick jawlined punk,Punk 3175.png
54,The thick jawlined punk,Punk 3530.png
54,The thick jawlined punk,Punk 3569.png
54,The thick jawlined punk,Punk 3571.png
54,The thick jawlined punk,Punk 3753.png
54,The thick jawlined punk,Punk 3804.png
54,The thick jawlined punk,Punk 4226.png
54,The thick jawlined punk,Punk 4240.png
54,The thick jawlined punk,Punk 4649.png
54,The thick jawlined punk,Punk 4792.png
54,The thick jawlined punk,Punk 4841.png
54,The thick jawlined punk,Punk 4932.png
54,The thick jawlined punk,Punk 5477.png
54,The thick jawlined punk,Punk 5575.png
54,The thick jawlined punk,Punk 5803.png
54,The thick jawlined punk,Punk 6091.png
54,The thick jawlined punk,Punk 6363.png
54,The thick jawlined punk,Punk 6545.png
54,The thick jawlined punk,Punk 6676.png
54,The thick jawlined punk,Punk 6775.png
54,The thick jawlined punk,Punk 7564.png
54,The thick jawlined punk,Punk 7588.png
54,The thick jawlined punk,Punk 7667.png
54,The thick jawlined punk,Punk 7709.png
54,The thick jawlined punk,Punk 7730.png
54,The thick jawlined punk,Punk 7963.png
54,The thick jawlined punk,Punk 8262.png
54,The thick jawlined punk,Punk 8468.png
54,The thick jawlined punk,Punk 8491.png
54,The thick jawlined punk,Punk 9062.png
54,The thick jawlined punk,Punk 9580.png
54,The thick jawlined punk,Punk 9602.png
54,The thick jawlined punk,Punk 9922.png
55,The green-haired and 3d glasses punk,Punk 9495.png
56,The electrified red haired punks,Punk 1693.png
56,The electrified red haired punks,Punk 1817.png
56,The electrified red haired punks,Punk 2067.png
56,The electrified red haired punks,Punk 2067.png
56,The electrified red haired punks,Punk 2514.png
56,The electrified red haired punks,Punk 2610.png
56,The electrified red haired punks,Punk 2735.png
56,The electrified red haired punks,Punk 3344.png
56,The electrified red haired punks,Punk 3757.png
56,The electrified red haired punks,Punk 4571.png
56,The electrified red haired punks,Punk 4586.png
56,The electrified red haired punks,Punk 4779.png
56,The electrified red haired punks,Punk 4814.png
56,The electrified red haired punks,Punk 6037.png
56,The electrified red haired punks,Punk 6099.png
56,The electrified red haired punks,Punk 6161.png
56,The electrified red haired punks,Punk 6235.png
56,The electrified red haired punks,Punk 6272.png
56,The electrified red haired punks,Punk 6469.png
56,The electrified red haired punks,Punk 6483.png
56,The electrified red haired punks,Punk 6718.png
56,The electrified red haired punks,Punk 7447.png
56,The electrified red haired punks,Punk 7603.png
56,The electrified red haired punks,Punk 7750.png
56,The electrified red haired punks,Punk 8018.png
56,The electrified red haired punks,Punk 8298.png
56,The electrified red haired punks,Punk 8497.png
56,The electrified red haired punks,Punk 9349.png
56,The electrified red haired punks,Punk 9409.png
56,The electrified red haired punks,Punk 9543.png
56,The electrified red haired punks,Punk 9670.png
56,The electrified red haired punks,Punk 9781.png
57,The DIOR sunglasses punk,Punk 1477.png
57,The DIOR sunglasses punk,Punk 3464.png
57,The DIOR sunglasses punk,Punk 3465.png
57,The DIOR sunglasses punk,Punk 8893.png
57,The DIOR sunglasses punk,Punk 8928.png
58,The extravagant hair and brown cigars punk,Punk 2111.png
58,The extravagant hair and brown cigars punk,Punk 3011.png
58,The extravagant hair and brown cigars punk,Punk 5938.png
58,The extravagant hair and brown cigars punk,Punk 6170.png
58,The extravagant hair and brown cigars punk,Punk 6217.png
58,The extravagant hair and brown cigars punk,Punk 6248.png
58,The extravagant hair and brown cigars punk,Punk 7257.png
58,The extravagant hair and brown cigars punk,Punk 7945.png
58,The extravagant hair and brown cigars punk,Punk 7959.png
58,The extravagant hair and brown cigars punk,Punk 8005.png
58,The extravagant hair and brown cigars punk,Punk 8175.png
59,The red-lipsticked and pale lady,Punk 2013.png
60,The red-lipsticked and pale lady,Punk 2730.png
60,The red-lipsticked and pale lady,Punk 2914.png
60,The red-lipsticked and pale lady,Punk 5881.png
60,The red-lipsticked and pale lady,Punk 6728.png
61,The blonde mohawk and eye-cat sunglasses dudes,Punk 2529.png
61,The blonde mohawk and eye-cat sunglasses dudes,Punk 3606.png
61,The blonde mohawk and eye-cat sunglasses dudes,Punk 5394.png
62,The electrified curly red haired and thick jawlines punks,Punk 1353.png
62,The electrified curly red haired and thick jawlines punks,Punk 1961.png
62,The electrified curly red haired and thick jawlines punks,Punk 1970.png
62,The electrified curly red haired and thick jawlines punks,Punk 2125.png
62,The electrified curly red haired and thick jawlines punks,Punk 2505.png
62,The electrified curly red haired and thick jawlines punks,Punk 2877.png
62,The electrified curly red haired and thick jawlines punks,Punk 3117.png
62,The electrified curly red haired and thick jawlines punks,Punk 3324.png
62,The electrified curly red haired and thick jawlines punks,Punk 3572.png
62,The electrified curly red haired and thick jawlines punks,Punk 3645.png
62,The electrified curly red haired and thick jawlines punks,Punk 4187.png
62,The electrified curly red haired and thick jawlines punks,Punk 4413.png
62,The electrified curly red haired and thick jawlines punks,Punk 4440.png
62,The electrified curly red haired and thick jawlines punks,Punk 4553.png
62,The electrified curly red haired and thick jawlines punks,Punk 5151.png
62,The electrified curly red haired and thick jawlines punks,Punk 6000.png
62,The electrified curly red haired and thick jawlines punks,Punk 6672.png
62,The electrified curly red haired and thick jawlines punks,Punk 7091.png
62,The electrified curly red haired and thick jawlines punks,Punk 7148.png
62,The electrified curly red haired and thick jawlines punks,Punk 7314.png
62,The electrified curly red haired and thick jawlines punks,Punk 7359.png
62,The electrified curly red haired and thick jawlines punks,Punk 7729.png
62,The electrified curly red haired and thick jawlines punks,Punk 8504.png
62,The electrified curly red haired and thick jawlines punks,Punk 8796.png
62,The electrified curly red haired and thick jawlines punks,Punk 9099.png
62,The electrified curly red haired and thick jawlines punks,Punk 9150.png
62,The electrified curly red haired and thick jawlines punks,Punk 9239.png
62,The electrified curly red haired and thick jawlines punks,Punk 9316.png
62,The electrified curly red haired and thick jawlines punks,Punk 9463.png
62,The electrified curly red haired and thick jawlines punks,Punk 9562.png
62,The electrified curly red haired and thick jawlines punks,Punk 9695.png
62,The electrified curly red haired and thick jawlines punks,Punk 9696.png
63,The Pirates of the Carribbean ,Punk 1116.png
63,The Pirates of the Carribbean ,Punk 1269.png
63,The Pirates of the Carribbean ,Punk 1782.png
63,The Pirates of the Carribbean ,Punk 2020.png
63,The Pirates of the Carribbean ,Punk 3083.png
63,The Pirates of the Carribbean ,Punk 3719.png
63,The Pirates of the Carribbean ,Punk 3914.png
63,The Pirates of the Carribbean ,Punk 4635.png
63,The Pirates of the Carribbean ,Punk 5008.png
63,The Pirates of the Carribbean ,Punk 5577.png
63,The Pirates of the Carribbean ,Punk 8253.png
63,The Pirates of the Carribbean ,Punk 8410.png
63,The Pirates of the Carribbean ,Punk 8803.png
63,The Pirates of the Carribbean ,Punk 9170.png
64,The cigars and colorful eyelids punk,Punk 0686.png
64,The cigars and colorful eyelids punk,Punk 2878.png
64,The cigars and colorful eyelids punk,Punk 3248.png
64,The cigars and colorful eyelids punk,Punk 5568.png
64,The cigars and colorful eyelids punk,Punk 6312.png
64,The cigars and colorful eyelids punk,Punk 6439.png
64,The cigars and colorful eyelids punk,Punk 6660.png
64,The cigars and colorful eyelids punk,Punk 8634.png
65,The pink lipstick mistress,Punk 0161.png
65,The pink lipstick mistress,Punk 0825.png
65,The pink lipstick mistress,Punk 1090.png
65,The pink lipstick mistress,Punk 1212.png
65,The pink lipstick mistress,Punk 1883.png
65,The pink lipstick mistress,Punk 1953.png
65,The pink lipstick mistress,Punk 2019.png
65,The pink lipstick mistress,Punk 2149.png
65,The pink lipstick mistress,Punk 3348.png
65,The pink lipstick mistress,Punk 3453.png
65,The pink lipstick mistress,Punk 4069.png
65,The pink lipstick mistress,Punk 4083.png
65,The pink lipstick mistress,Punk 5293.png
65,The pink lipstick mistress,Punk 5637.png
65,The pink lipstick mistress,Punk 6115.png
65,The pink lipstick mistress,Punk 6206.png
65,The pink lipstick mistress,Punk 6801.png
65,The pink lipstick mistress,Punk 7116.png
65,The pink lipstick mistress,Punk 7484.png
65,The pink lipstick mistress,Punk 7593.png
65,The pink lipstick mistress,Punk 8279.png
65,The pink lipstick mistress,Punk 8702.png
65,The pink lipstick mistress,Punk 8922.png
65,The pink lipstick mistress,Punk 8932.png
65,The pink lipstick mistress,Punk 9301.png
65,The pink lipstick mistress,Punk 9691.png
65,The pink lipstick mistress,Punk 9960.png
66,The green curly hair punk,Punk 1268.png
66,The green curly hair punk,Punk 1561.png
66,The green curly hair punk,Punk 1621.png
66,The green curly hair punk,Punk 3623.png
66,The green curly hair punk,Punk 4196.png
66,The green curly hair punk,Punk 4627.png
66,The green curly hair punk,Punk 5348.png
66,The green curly hair punk,Punk 5811.png
66,The green curly hair punk,Punk 6326.png
66,The green curly hair punk,Punk 7131.png
66,The green curly hair punk,Punk 8744.png
66,The green curly hair punk,Punk 9689.png
67,The Cruise Ship captain,Punk 2631.png
67,The Cruise Ship captain,Punk 3097.png
67,The Cruise Ship captain,Punk 3514.png
67,The Cruise Ship captain,Punk 3854.png
67,The Cruise Ship captain,Punk 3889.png
67,The Cruise Ship captain,Punk 4020.png
67,The Cruise Ship captain,Punk 4594.png
67,The Cruise Ship captain,Punk 4824.png
67,The Cruise Ship captain,Punk 5275.png
67,The Cruise Ship captain,Punk 5696.png
67,The Cruise Ship captain,Punk 5730.png
67,The Cruise Ship captain,Punk 6014.png
67,The Cruise Ship captain,Punk 6114.png
67,The Cruise Ship captain,Punk 6493.png
67,The Cruise Ship captain,Punk 6599.png
67,The Cruise Ship captain,Punk 6601.png
67,The Cruise Ship captain,Punk 7075.png
67,The Cruise Ship captain,Punk 7096.png
67,The Cruise Ship captain,Punk 8202.png
67,The Cruise Ship captain,Punk 9449.png
67,The Cruise Ship captain,Punk 9618.png
67,The Cruise Ship captain,Punk 9665.png
68,The blue ponytail hair and pink lipstick mistress,Punk 1796.png
68,The blue ponytail hair and pink lipstick mistress,Punk 2915.png
68,The blue ponytail hair and pink lipstick mistress,Punk 3034.png
68,The blue ponytail hair and pink lipstick mistress,Punk 5441.png
68,The blue ponytail hair and pink lipstick mistress,Punk 6518.png
68,The blue ponytail hair and pink lipstick mistress,Punk 6896.png
68,The blue ponytail hair and pink lipstick mistress,Punk 7429.png
68,The blue ponytail hair and pink lipstick mistress,Punk 7662.png
68,The blue ponytail hair and pink lipstick mistress,Punk 7906.png
68,The blue ponytail hair and pink lipstick mistress,Punk 8271.png
68,The blue ponytail hair and pink lipstick mistress,Punk 8495.png
68,The blue ponytail hair and pink lipstick mistress,Punk 8858.png
68,The blue ponytail hair and pink lipstick mistress,Punk 9041.png
69,The RayBan-green-aviator-on-their-forehead  ladies,Punk 1162.png
69,The RayBan-green-aviator-on-their-forehead  ladies,Punk 1513.png
69,The RayBan-green-aviator-on-their-forehead  ladies,Punk 2218.png
69,The RayBan-green-aviator-on-their-forehead  ladies,Punk 2394.png
69,The RayBan-green-aviator-on-their-forehead  ladies,Punk 2981.png
69,The RayBan-green-aviator-on-their-forehead  ladies,Punk 8697.png
69,The RayBan-green-aviator-on-their-forehead  ladies,Punk 8906.png
69,The RayBan-green-aviator-on-their-forehead  ladies,Punk 9325.png
69,The RayBan-green-aviator-on-their-forehead  ladies,Punk 9937.png
70,The Polaroid clubmaster punks,Punk 0014.png
70,The Polaroid clubmaster punks,Punk 2120.png
70,The Polaroid clubmaster punks,Punk 2889.png
70,The Polaroid clubmaster punks,Punk 2909.png
70,The Polaroid clubmaster punks,Punk 3308.png
70,The Polaroid clubmaster punks,Punk 6720.png
70,The Polaroid clubmaster punks,Punk 6817.png
70,The Polaroid clubmaster punks,Punk 9258.png
70,The Polaroid clubmaster punks,Punk 9373.png
70,The Polaroid clubmaster punks,Punk 9633.png
71,The brown hat farmers/cowboys,Punk 0578.png
71,The brown hat farmers/cowboys,Punk 1589.png
71,The brown hat farmers/cowboys,Punk 4253.png
71,The brown hat farmers/cowboys,Punk 7164.png
71,The brown hat farmers/cowboys,Punk 7543.png
71,The brown hat farmers/cowboys,Punk 8012.png
72,The red-haired mohawk boys,Punk 0921.png
72,The red-haired mohawk boys,Punk 3520.png
72,The red-haired mohawk boys,Punk 7095.png
72,The red-haired mohawk boys,Punk 7903.png
73,The wavy black haired and wayfarer-glasses boys,Punk 0138.png
73,The wavy black haired and wayfarer-glasses boys,Punk 1072.png
73,The wavy black haired and wayfarer-glasses boys,Punk 2913.png
73,The wavy black haired and wayfarer-glasses boys,Punk 6193.png
73,The wavy black haired and wayfarer-glasses boys,Punk 8871.png
74,The weirdo glasses punk,Punk 3826.png
74,The weirdo glasses punk,Punk 5276.png
74,The weirdo glasses punk,Punk 8951.png
74,The weirdo glasses punk,Punk 9135.png
75,The red-squared sunglasses punk,Punk 0309.png
75,The red-squared sunglasses punk,Punk 0634.png
75,The red-squared sunglasses punk,Punk 0987.png
75,The red-squared sunglasses punk,Punk 1325.png
75,The red-squared sunglasses punk,Punk 3941.png
75,The red-squared sunglasses punk,Punk 4210.png
75,The red-squared sunglasses punk,Punk 4238.png
75,The red-squared sunglasses punk,Punk 6771.png
75,The red-squared sunglasses punk,Punk 7634.png
75,The red-squared sunglasses punk,Punk 7968.png
75,The red-squared sunglasses punk,Punk 8015.png
75,The red-squared sunglasses punk,Punk 8613.png
75,The red-squared sunglasses punk,Punk 9441.png
76,The chess-haired punks,Punk 1011.png
76,The chess-haired punks,Punk 1234.png
76,The chess-haired punks,Punk 1628.png
76,The chess-haired punks,Punk 2286.png
76,The chess-haired punks,Punk 3768.png
76,The chess-haired punks,Punk 4168.png
76,The chess-haired punks,Punk 4306.png
76,The chess-haired punks,Punk 6584.png
76,The chess-haired punks,Punk 7165.png
76,The chess-haired punks,Punk 8456.png
77,The neck-haired and white-accessoires mistress punk,Punk 2382.png
77,The neck-haired and white-accessoires mistress punk,Punk 2832.png
77,The neck-haired and white-accessoires mistress punk,Punk 4176.png
77,The neck-haired and white-accessoires mistress punk,Punk 7465.png
77,The neck-haired and white-accessoires mistress punk,Punk 9957.png
78,The Irish mohawk smokers,Punk 4692.png
78,The Irish mohawk smokers,Punk 7611.png
78,The Irish mohawk smokers,Punk 8657.png
79,"The grey hoodie ""Nike"" punks",Punk 0918.png
79,"The grey hoodie ""Nike"" punks",Punk 0939.png
79,"The grey hoodie ""Nike"" punks",Punk 2294.png
79,"The grey hoodie ""Nike"" punks",Punk 2435.png
79,"The grey hoodie ""Nike"" punks",Punk 2550.png
79,"The grey hoodie ""Nike"" punks",Punk 2616.png
79,"The grey hoodie ""Nike"" punks",Punk 2924.png
79,"The grey hoodie ""Nike"" punks",Punk 3101.png
79,"The grey hoodie ""Nike"" punks",Punk 3543.png
79,"The grey hoodie ""Nike"" punks",Punk 4246.png
79,"The grey hoodie ""Nike"" punks",Punk 4389.png
79,"The grey hoodie ""Nike"" punks",Punk 4926.png
79,"The grey hoodie ""Nike"" punks",Punk 4940.png
79,"The grey hoodie ""Nike"" punks",Punk 4995.png
79,"The grey hoodie ""Nike"" punks",Punk 5148.png
79,"The grey hoodie ""Nike"" punks",Punk 5169.png
79,"The grey hoodie ""Nike"" punks",Punk 5725.png
79,"The grey hoodie ""Nike"" punks",Punk 5926.png
79,"The grey hoodie ""Nike"" punks",Punk 6036.png
79,"The grey hoodie ""Nike"" punks",Punk 6106.png
79,"The grey hoodie ""Nike"" punks",Punk 6135.png
79,"The grey hoodie ""Nike"" punks",Punk 6400.png
79,"The grey hoodie ""Nike"" punks",Punk 6529.png
79,"The grey hoodie ""Nike"" punks",Punk 6926.png
79,"The grey hoodie ""Nike"" punks",Punk 7677.png
79,"The grey hoodie ""Nike"" punks",Punk 8828.png
79,"The grey hoodie ""Nike"" punks",Punk 8877.png
79,"The grey hoodie ""Nike"" punks",Punk 9612.png
79,"The grey hoodie ""Nike"" punks",Punk 9722.png
79,"The grey hoodie ""Nike"" punks",Punk 9848.png
79,"The grey hoodie ""Nike"" punks",Punk 9901.png
79,"The grey hoodie ""Nike"" punks",Punk 9953.png
80,The cat-eye and flat hair mates,Punk 2881.png
80,The cat-eye and flat hair mates,Punk 2983.png
80,The cat-eye and flat hair mates,Punk 3897.png
80,The cat-eye and flat hair mates,Punk 5464.png
80,The cat-eye and flat hair mates,Punk 5465.png
80,The cat-eye and flat hair mates,Punk 6236.png
80,The cat-eye and flat hair mates,Punk 6431.png
80,The cat-eye and flat hair mates,Punk 7054.png
80,The cat-eye and flat hair mates,Punk 8484.png
80,The cat-eye and flat hair mates,Punk 9860.png
80,The cat-eye and flat hair mates,Punk 9872.png
81,The brown chess-haired punks,Punk 2131.png
81,The brown chess-haired punks,Punk 9982.png
82,The bald Professor Green,Punk 1702.png
82,The bald Professor Green,Punk 1864.png
82,The bald Professor Green,Punk 2326.png
82,The bald Professor Green,Punk 2845.png
82,The bald Professor Green,Punk 3208.png
82,The bald Professor Green,Punk 3910.png
82,The bald Professor Green,Punk 4458.png
82,The bald Professor Green,Punk 4607.png
82,The bald Professor Green,Punk 5433.png
82,The bald Professor Green,Punk 5656.png
82,The bald Professor Green,Punk 6557.png
82,The bald Professor Green,Punk 7757.png
82,The bald Professor Green,Punk 7848.png
82,The bald Professor Green,Punk 7975.png
82,The bald Professor Green,Punk 9060.png
82,The bald Professor Green,Punk 9072.png
82,The bald Professor Green,Punk 9175.png
83,The bearded Mediterranean boys,Punk 1966.png
83,The bearded Mediterranean boys,Punk 3737.png
83,The bearded Mediterranean boys,Punk 5226.png
83,The bearded Mediterranean boys,Punk 6032.png
83,The bearded Mediterranean boys,Punk 7181.png
83,The bearded Mediterranean boys,Punk 7386.png
83,The bearded Mediterranean boys,Punk 7507.png
83,The bearded Mediterranean boys,Punk 8429.png
83,The bearded Mediterranean boys,Punk 9547.png
83,The bearded Mediterranean boys,Punk 9669.png
84,The PRADA green-rounded women,Punk 3366.png
84,The PRADA green-rounded women,Punk 6667.png
84,The PRADA green-rounded women,Punk 8585.png
84,The PRADA green-rounded women,Punk 9213.png
84,The PRADA green-rounded women,Punk 9324.png
84,The PRADA green-rounded women,Punk 9430.png
85,The mohawk and green-glasses bros,Punk 1532.png
85,The mohawk and green-glasses bros,Punk 3382.png
85,The mohawk and green-glasses bros,Punk 3419.png
85,The mohawk and green-glasses bros,Punk 3445.png
85,The mohawk and green-glasses bros,Punk 8435.png
85,The mohawk and green-glasses bros,Punk 9139.png
86,The squared-faced cigarettes smokers,Punk 1458.png
86,The squared-faced cigarettes smokers,Punk 2619.png
86,The squared-faced cigarettes smokers,Punk 2921.png
86,The squared-faced cigarettes smokers,Punk 3033.png
86,The squared-faced cigarettes smokers,Punk 3224.png
86,The squared-faced cigarettes smokers,Punk 4335.png
86,The squared-faced cigarettes smokers,Punk 4466.png
86,The squared-faced cigarettes smokers,Punk 4688.png
86,The squared-faced cigarettes smokers,Punk 4689.png
86,The squared-faced cigarettes smokers,Punk 7281.png
86,The squared-faced cigarettes smokers,Punk 7402.png
86,The squared-faced cigarettes smokers,Punk 8285.png
86,The squared-faced cigarettes smokers,Punk 9720.png
87,The Yacht in Ibiza and sunglasses captain,Punk 5182.png
87,The Yacht in Ibiza and sunglasses captain,Punk 6669.png
87,The Yacht in Ibiza and sunglasses captain,Punk 9010.png
87,The Yacht in Ibiza and sunglasses captain,Punk 9487.png
88,The round nose and red lipsticked ladies,Punk 4130.png
88,The round nose and red lipsticked ladies,Punk 6678.png
88,The round nose and red lipsticked ladies,Punk 6810.png
89,The blue-white bandana couples,Punk 2950.png
89,The blue-white bandana couples,Punk 4557.png
90,The bearded gay couple,Punk 6624.png
90,The bearded gay couple,Punk 8513.png
91,The yellow-haired lesbian couple,Punk 2054.png
91,The yellow-haired lesbian couple,Punk 9544.png
92,The brown-hat extra accessoires cowboys,Punk 2833.png
92,The brown-hat extra accessoires cowboys,Punk 3064.png
92,The brown-hat extra accessoires cowboys,Punk 4780.png
92,The brown-hat extra accessoires cowboys,Punk 5974.png
92,The brown-hat extra accessoires cowboys,Punk 6204.png
92,The brown-hat extra accessoires cowboys,Punk 6218.png
92,The brown-hat extra accessoires cowboys,Punk 6747.png
92,The brown-hat extra accessoires cowboys,Punk 7746.png
92,The brown-hat extra accessoires cowboys,Punk 7895.png
92,The brown-hat extra accessoires cowboys,Punk 9350.png
93,"The White mask ""COVID free"" punks",Punk 1426.png
93,"The White mask ""COVID free"" punks",Punk 7071.png
94,The mushrooms hair mates,Punk 1363.png
94,The mushrooms hair mates,Punk 2647.png
94,The mushrooms hair mates,Punk 3189.png
94,The mushrooms hair mates,Punk 3218.png
94,The mushrooms hair mates,Punk 3384.png
94,The mushrooms hair mates,Punk 3736.png
94,The mushrooms hair mates,Punk 3834.png
94,The mushrooms hair mates,Punk 4843.png
94,The mushrooms hair mates,Punk 6877.png
94,The mushrooms hair mates,Punk 7669.png
94,The mushrooms hair mates,Punk 7837.png
94,The mushrooms hair mates,Punk 8385.png
94,The mushrooms hair mates,Punk 9022.png
94,The mushrooms hair mates,Punk 9797.png
95,The green-aviator-on-forehead and red-lipsticked girls,Punk 7079.png
95,The green-aviator-on-forehead and red-lipsticked girls,Punk 9572.png
96,The colorful eyelids and lipstics mistress,Punk 0586.png
96,The colorful eyelids and lipstics mistress,Punk 0668.png
96,The colorful eyelids and lipstics mistress,Punk 0682.png
96,The colorful eyelids and lipstics mistress,Punk 0717.png
96,The colorful eyelids and lipstics mistress,Punk 2146.png
96,The colorful eyelids and lipstics mistress,Punk 2787.png
96,The colorful eyelids and lipstics mistress,Punk 3709.png
96,The colorful eyelids and lipstics mistress,Punk 5843.png
96,The colorful eyelids and lipstics mistress,Punk 7228.png
96,The colorful eyelids and lipstics mistress,Punk 7325.png
96,The colorful eyelids and lipstics mistress,Punk 7957.png
96,The colorful eyelids and lipstics mistress,Punk 7983.png
96,The colorful eyelids and lipstics mistress,Punk 8399.png
96,The colorful eyelids and lipstics mistress,Punk 9927.png
97,The ginger bearded bros,Punk 1884.png
97,The ginger bearded bros,Punk 3091.png
98,The Ralph Lauren cap golf boys,Punk 0252.png
98,The Ralph Lauren cap golf boys,Punk 2245.png
98,The Ralph Lauren cap golf boys,Punk 3444.png
98,The Ralph Lauren cap golf boys,Punk 3652.png
98,The Ralph Lauren cap golf boys,Punk 4558.png
98,The Ralph Lauren cap golf boys,Punk 7206.png
98,The Ralph Lauren cap golf boys,Punk 9089.png
99,The 3d glasses ginger bearded boy,Punk 6978.png
100,The FFP2 masks black-haired mates,Punk 1564.png
100,The FFP2 masks black-haired mates,Punk 6792.png
100,The FFP2 masks black-haired mates,Punk 9012.png
101,The blue ponytail clowns,Punk 7350.png
101,The blue ponytail clowns,Punk 8571.png
102,The 3d glasses and blonde mohawk guy,Punk 8221.png
103,The Club smoking girls,Punk 6253.png
103,The Club smoking girls,Punk 6664.png
103,The Club smoking girls,Punk 7123.png
103,The Club smoking girls,Punk 7421.png
103,The Club smoking girls,Punk 8035.png
103,The Club smoking girls,Punk 8154.png
104,The green eyelid punks,Punk 2126.png
104,The green eyelid punks,Punk 2248.png
104,The green eyelid punks,Punk 4204.png
104,The green eyelid punks,Punk 8415.png
104,The green eyelid punks,Punk 8641.png
105,The black-hat farmers,Punk 5313.png
105,The black-hat farmers,Punk 6965.png
106,The dark skin and 3d sunglasses captain,Punk 3944.png
106,The dark skin and 3d sunglasses captain,Punk 7262.png
107,The blue-white Olympic bandana and glasses mates,Punk 0410.png
107,The blue-white Olympic bandana and glasses mates,Punk 0846.png
107,The blue-white Olympic bandana and glasses mates,Punk 1908.png
107,The blue-white Olympic bandana and glasses mates,Punk 2163.png
107,The blue-white Olympic bandana and glasses mates,Punk 5586.png
107,The blue-white Olympic bandana and glasses mates,Punk 7728.png
107,The blue-white Olympic bandana and glasses mates,Punk 7969.png
108,The blue ponytail and eye-transformed punks,Punk 4426.png
108,The blue ponytail and eye-transformed punks,Punk 5400.png
108,The blue ponytail and eye-transformed punks,Punk 6685.png
108,The blue ponytail and eye-transformed punks,Punk 6749.png
108,The blue ponytail and eye-transformed punks,Punk 7255.png
108,The blue ponytail and eye-transformed punks,Punk 7443.png
108,The blue ponytail and eye-transformed punks,Punk 9082.png
108,The blue ponytail and eye-transformed punks,Punk 9319.png
109,The triangle forehead and dark-skinned mate,Punk 9507.png
110,The black-red hair Magicians,Punk 0827.png
110,The black-red hair Magicians,Punk 4041.png
110,The black-red hair Magicians,Punk 6617.png
110,The black-red hair Magicians,Punk 7356.png
110,The black-red hair Magicians,Punk 7630.png
110,The black-red hair Magicians,Punk 7828.png
111,The triangle-hair forehead and 3d glasses punk,Punk 2572.png
112,The dark-skinned farmer,Punk 8061.png
113,The blue bandana covid free mate,Punk 3601.png
114,The huge yellow-hair ladies,Punk 1750.png
114,The huge yellow-hair ladies,Punk 9400.png
115,The black-curly electrified hair 3d glasses punk,Punk 4294.png
115,The black-curly electrified hair 3d glasses punk,Punk 7248.png
116,The blue-white bandana bearded boy,Punk 3565.png
117,The Nike cap alien,Punk 9203.png
118,The interracial FFP2 kids,Punk 1654.png
118,The interracial FFP2 kids,Punk 1870.png
118,The interracial FFP2 kids,Punk 8936.png
119,The yellow-haired 3d glasses and COVID-free lady,Punk 1123.png
120,The oranged-house hair and covid-free FFP2 mask boy,Punk 4596.png
121,The cat-eyed sunglasses farmers,Punk 1991.png
121,The cat-eyed sunglasses farmers,Punk 6024.png
121,The cat-eyed sunglasses farmers,Punk 7819.png
122,The white-haired Grandma,Punk 0169.png
122,The white-haired Grandma,Punk 2381.png
122,The white-haired Grandma,Punk 2624.png
122,The white-haired Grandma,Punk 2645.png
122,The white-haired Grandma,Punk 2831.png
122,The white-haired Grandma,Punk 3468.png
122,The white-haired Grandma,Punk 3686.png
122,The white-haired Grandma,Punk 4153.png
122,The white-haired Grandma,Punk 4639.png
122,The white-haired Grandma,Punk 4740.png
122,The white-haired Grandma,Punk 6055.png
122,The white-haired Grandma,Punk 6753.png
122,The white-haired Grandma,Punk 6963.png
122,The white-haired Grandma,Punk 8282.png
122,The white-haired Grandma,Punk 9193.png
122,The white-haired Grandma,Punk 9224.png
122,The white-haired Grandma,Punk 9423.png
122,The white-haired Grandma,Punk 9481.png
123,The colorful lesbian couple,Punk 0773.png
123,The colorful lesbian couple,Punk 8363.png
124,"The yellow-haired ""EllenDeGeneres style"" girls",Punk 1210.png
124,"The yellow-haired ""EllenDeGeneres style"" girls",Punk 3165.png
124,"The yellow-haired ""EllenDeGeneres style"" girls",Punk 3594.png
124,"The yellow-haired ""EllenDeGeneres style"" girls",Punk 3725.png
124,"The yellow-haired ""EllenDeGeneres style"" girls",Punk 5858.png
124,"The yellow-haired ""EllenDeGeneres style"" girls",Punk 6239.png
124,"The yellow-haired ""EllenDeGeneres style"" girls",Punk 6706.png
124,"The yellow-haired ""EllenDeGeneres style"" girls",Punk 6723.png
124,"The yellow-haired ""EllenDeGeneres style"" girls",Punk 7563.png
124,"The yellow-haired ""EllenDeGeneres style"" girls",Punk 7645.png
124,"The yellow-haired ""EllenDeGeneres style"" girls",Punk 8577.png
124,"The yellow-haired ""EllenDeGeneres style"" girls",Punk 8709.png
124,"The yellow-haired ""EllenDeGeneres style"" girls",Punk 8723.png
125,The red lipstick and hair punks,Punk 0992.png
125,The red lipstick and hair punks,Punk 7250.png
125,The red lipstick and hair punks,Punk 8800.png
126,The dark skin girls with FFP2 masks ,Punk 4231.png
126,The dark skin girls with FFP2 masks ,Punk 6152.png
127,The oranged-house hair and ponytail hat boys,Punk 2824.png
127,The oranged-house hair and ponytail hat boys,Punk 4471.png
127,The oranged-house hair and ponytail hat boys,Punk 5749.png
127,The oranged-house hair and ponytail hat boys,Punk 7440.png
128,The blonde mohawk and glasses boys,Punk 1408.png
128,The blonde mohawk and glasses boys,Punk 2285.png
128,The blonde mohawk and glasses boys,Punk 8378.png
128,The blonde mohawk and glasses boys,Punk 9351.png
129,The gray haired mohawk boys,Punk 0669.png
129,The gray haired mohawk boys,Punk 1508.png
129,The gray haired mohawk boys,Punk 1512.png
129,The gray haired mohawk boys,Punk 1793.png
129,The gray haired mohawk boys,Punk 2210.png
129,The gray haired mohawk boys,Punk 2328.png
129,The gray haired mohawk boys,Punk 3913.png
129,The gray haired mohawk boys,Punk 4416.png
129,The gray haired mohawk boys,Punk 7731.png
129,The gray haired mohawk boys,Punk 8656.png
129,The gray haired mohawk boys,Punk 9333.png
130,The black hat BIG beard smokers,Punk 1802.png
130,The black hat BIG beard smokers,Punk 7163.png
131,The two-sided ponytails high school girl,Punk 7244.png
132,The blonde mohawk and pink lipstick punks,Punk 2963.png
132,The blonde mohawk and pink lipstick punks,Punk 3985.png
132,The blonde mohawk and pink lipstick punks,Punk 6461.png
132,The blonde mohawk and pink lipstick punks,Punk 7965.png
132,The blonde mohawk and pink lipstick punks,Punk 9029.png
132,The blonde mohawk and pink lipstick punks,Punk 9903.png
133,The gray haired mohawk and anonymous boy,Punk 9911.png
134,The red-haired mohawk and 3d glasses boy,Punk 5681.png
135,The blonde mohawk Zombie,Punk 5944.png
136,The red-curly haired and 3d glasses bros,Punk 7023.png
136,The red-curly haired and 3d glasses bros,Punk 7060.png
137,The sporty purple-lipsticked ladies,Punk 0339.png
137,The sporty purple-lipsticked ladies,Punk 0593.png
137,The sporty purple-lipsticked ladies,Punk 1032.png
137,The sporty purple-lipsticked ladies,Punk 1042.png
137,The sporty purple-lipsticked ladies,Punk 1161.png
137,The sporty purple-lipsticked ladies,Punk 1775.png
137,The sporty purple-lipsticked ladies,Punk 2969.png
137,The sporty purple-lipsticked ladies,Punk 3109.png
137,The sporty purple-lipsticked ladies,Punk 3222.png
137,The sporty purple-lipsticked ladies,Punk 3615.png
137,The sporty purple-lipsticked ladies,Punk 4004.png
137,The sporty purple-lipsticked ladies,Punk 4423.png
137,The sporty purple-lipsticked ladies,Punk 4616.png
137,The sporty purple-lipsticked ladies,Punk 4696.png
137,The sporty purple-lipsticked ladies,Punk 4963.png
137,The sporty purple-lipsticked ladies,Punk 5009.png
137,The sporty purple-lipsticked ladies,Punk 5744.png
137,The sporty purple-lipsticked ladies,Punk 6059.png
137,The sporty purple-lipsticked ladies,Punk 6464.png
137,The sporty purple-lipsticked ladies,Punk 6764.png
137,The sporty purple-lipsticked ladies,Punk 6806.png
137,The sporty purple-lipsticked ladies,Punk 6946.png
137,The sporty purple-lipsticked ladies,Punk 7752.png
137,The sporty purple-lipsticked ladies,Punk 8526.png
137,The sporty purple-lipsticked ladies,Punk 8736.png
137,The sporty purple-lipsticked ladies,Punk 9339.png
137,The sporty purple-lipsticked ladies,Punk 9456.png
137,The sporty purple-lipsticked ladies,Punk 9784.png
137,The sporty purple-lipsticked ladies,Punk 9920.png
137,The sporty purple-lipsticked ladies,Punk 9923.png
138,The cowboy hat and 3d glasses punks,Punk 9926.png
138,The cowboy hat and 3d glasses punks,Punk 2254.png
138,The cowboy hat and 3d glasses punks,Punk 2895.png
138,The cowboy hat and 3d glasses punks,Punk 9280.png
139,The 3d glasses and pink-lipstick punks,Punk 1626.png
139,The 3d glasses and pink-lipstick punks,Punk 9652.png
140,The Nike hoodie and green eyelids punk,Punk 7129.png
141,The purple-cap bearded boy,Punk 1009.png
142,The classy bald Professor Green,Punk 3702.png
142,The classy bald Professor Green,Punk 9718.png
143,The rainbow swimming headgear smoker,Punk 5002.png
144,The cowboy-hat clown,Punk 8651.png
145,The bearded FFP2 masks boys,Punk 2450.png
145,The bearded FFP2 masks boys,Punk 2715.png
145,The bearded FFP2 masks boys,Punk 4785.png
145,The bearded FFP2 masks boys,Punk 9234.png
146,The weird mohawk clown,Punk 7195.png
147,The black haired two-sided ponytails and pink-lipsticked high school girl,Punk 0160.png
147,The black haired two-sided ponytails and pink-lipsticked high school girl,Punk 1446.png
147,The black haired two-sided ponytails and pink-lipsticked high school girl,Punk 2828.png
147,The black haired two-sided ponytails and pink-lipsticked high school girl,Punk 6844.png
147,The black haired two-sided ponytails and pink-lipsticked high school girl,Punk 9057.png
148,The classy yellow-haired rich ladies,Punk 0522.png
148,The classy yellow-haired rich ladies,Punk 1828.png
148,The classy yellow-haired rich ladies,Punk 1980.png
148,The classy yellow-haired rich ladies,Punk 2395.png
148,The classy yellow-haired rich ladies,Punk 2829.png
148,The classy yellow-haired rich ladies,Punk 3470.png
148,The classy yellow-haired rich ladies,Punk 4349.png
148,The classy yellow-haired rich ladies,Punk 4432.png
148,The classy yellow-haired rich ladies,Punk 4903.png
148,The classy yellow-haired rich ladies,Punk 5605.png
148,The classy yellow-haired rich ladies,Punk 6638.png
148,The classy yellow-haired rich ladies,Punk 6816.png
148,The classy yellow-haired rich ladies,Punk 7011.png
148,The classy yellow-haired rich ladies,Punk 7180.png
148,The classy yellow-haired rich ladies,Punk 7562.png
148,The classy yellow-haired rich ladies,Punk 7758.png
148,The classy yellow-haired rich ladies,Punk 7987.png
148,The classy yellow-haired rich ladies,Punk 8605.png
148,The classy yellow-haired rich ladies,Punk 8636.png
148,The classy yellow-haired rich ladies,Punk 8680.png
148,The classy yellow-haired rich ladies,Punk 9000.png
149,The oranged-house hair and anonymous boy,Punk 8453.png
150,The capped 3d glasses cigar smoker,Punk 6955.png
150,The capped 3d glasses cigar smoker,Punk 9684.png
151,The green eyelid and red-lipstick girls,Punk 5384.png
151,The green eyelid and red-lipstick girls,Punk 5485.png
151,The green eyelid and red-lipstick girls,Punk 8602.png
151,The green eyelid and red-lipstick girls,Punk 9540.png
151,The green eyelid and red-lipstick girls,Punk 9595.png
152,The yellow-haired and pink-lipsticked girls,Punk 1253.png
152,The yellow-haired and pink-lipsticked girls,Punk 1866.png
152,The yellow-haired and pink-lipsticked girls,Punk 8194.png
153,The blonde mohawk smoker,Punk 1797.png
153,The blonde mohawk smoker,Punk 6393.png
153,The blonde mohawk smoker,Punk 9776.png
154,The flat haired and covid-free FFP2 masks boy,Punk 4003.png
154,The flat haired and covid-free FFP2 masks boy,Punk 6266.png
154,The flat haired and covid-free FFP2 masks boy,Punk 8819.png
155,The purple eyelid and pink lipstick ladies,Punk 2390.png
155,The purple eyelid and pink lipstick ladies,Punk 3202.png
155,The purple eyelid and pink lipstick ladies,Punk 3441.png
155,The purple eyelid and pink lipstick ladies,Punk 4834.png
156,The leftover-haired almost bald bearded boys,Punk 0483.png
156,The leftover-haired almost bald bearded boys,Punk 1048.png
156,The leftover-haired almost bald bearded boys,Punk 2043.png
156,The leftover-haired almost bald bearded boys,Punk 2931.png
156,The leftover-haired almost bald bearded boys,Punk 3915.png
156,The leftover-haired almost bald bearded boys,Punk 5228.png
156,The leftover-haired almost bald bearded boys,Punk 7003.png
156,The leftover-haired almost bald bearded boys,Punk 8153.png
156,The leftover-haired almost bald bearded boys,Punk 8542.png
157,The thick bearded boys,Punk 4670.png
157,The thick bearded boys,Punk 8993.png
158,The purple-cap sunglasses mates,Punk 3395.png
158,The purple-cap sunglasses mates,Punk 4819.png
158,The purple-cap sunglasses mates,Punk 5523.png
158,The purple-cap sunglasses mates,Punk 5676.png
158,The purple-cap sunglasses mates,Punk 8574.png
159,"The blue-white bandana, 3d glasses and FFP2 masks punk",Punk 0340.png
160,The purple electrified curly hair and classy sunglasses punks,Punk 0260.png
160,The purple electrified curly hair and classy sunglasses punks,Punk 1320.png
160,The purple electrified curly hair and classy sunglasses punks,Punk 3416.png
160,The purple electrified curly hair and classy sunglasses punks,Punk 5874.png
160,The purple electrified curly hair and classy sunglasses punks,Punk 7613.png
161,The green christmas tree haired punk,Punk 8220.png
162,The Indian punk,Punk 8779.png
163,The blonde mohawk smoker punk,Punk 2957.png
164,The black-haired smoker,Punk 3237.png
164,The black-haired smoker,Punk 8109.png
164,The black-haired smoker,Punk 9113.png
165,The half-eyed Pirates mohawk smoker,Punk 9943.png
166,The blue ponytail and 3d glasses punks,Punk 1528.png
166,The blue ponytail and 3d glasses punks,Punk 3784.png
166,The blue ponytail and 3d glasses punks,Punk 8401.png
166,The blue ponytail and 3d glasses punks,Punk 9198.png
167,The red-eyed smoker Zombie,Punk 2306.png
167,The red-eyed smoker Zombie,Punk 6704.png
168,The green Christmas-tree hair cigars punk,Punk 4018.png
168,The green Christmas-tree hair cigars punk,Punk 7985.png
168,The green Christmas-tree hair cigars punk,Punk 9068.png
169,The red-orange curly hair girls,Punk 1037.png
169,The red-orange curly hair girls,Punk 3263.png
169,The red-orange curly hair girls,Punk 4468.png
169,The red-orange curly hair girls,Punk 5601.png
169,The red-orange curly hair girls,Punk 6674.png
169,The red-orange curly hair girls,Punk 7707.png
169,The red-orange curly hair girls,Punk 7973.png
169,The red-orange curly hair girls,Punk 8230.png
169,The red-orange curly hair girls,Punk 8392.png
169,The red-orange curly hair girls,Punk 9063.png
169,The red-orange curly hair girls,Punk 9641.png
170,The mohawk FFP2 masked punks,Punk 1520.png
170,The mohawk FFP2 masked punks,Punk 7778.png
171,The cigars smoker ladies,Punk 5373.png
171,The cigars smoker ladies,Punk 8933.png
171,The cigars smoker ladies,Punk 9028.png
172,The 3d glasses magician,Punk 8191.png
173,The DIOR glasses blue ponytail punk,Punk 8103.png
174,The bearded yellow gay couple,Punk 6196.png
174,The bearded yellow gay couple,Punk 9891.png
175,"The bearded, DIOR glasses and colorful swimming head gear anonymous boy",Punk 5056.png
176,The cat-eyed magicians,Punk 6987.png
176,The cat-eyed magicians,Punk 8498.png
177,The squared glasses and pink lipsticked punk,Punk 8647.png
178,The long-haired anonymous glasses boy,Punk 3754.png
179,The green-aviator-on-forehead and blonde girls,Punk 2180.png
179,The green-aviator-on-forehead and blonde girls,Punk 9064.png
180,The black short-haired smoker,Punk 4035.png
180,The black short-haired smoker,Punk 4831.png
180,The black short-haired smoker,Punk 5144.png
180,The black short-haired smoker,Punk 9106.png
181,The blue ponytail and bearded punk,Punk 8698.png
182,The blue-white bandana smoker,Punk 3958.png
182,The blue-white bandana smoker,Punk 7399.png
183,"The short-haired, red-lipstick, smoker girl",Punk 2876.png
184,The pink squared sunglasses and bearded punk,Punk 3217.png
185,The Louis Vuitton brown wayfarer sunglasses and blonde girl,Punk 9663.png
186,The DIOR sunglasses black haired lady,Punk 5913.png
187,"The 3d glasses, grey cap bearded guy",Punk 9723.png
188,The electrified curly black hair and green-aviator lady,Punk 4250.png
189,The one-pirate-eye alien,Punk 1119.png
190,The Kpop yellow-dyed hair punk,Punk 3548.png
190,The Kpop yellow-dyed hair punk,Punk 3763.png
190,The Kpop yellow-dyed hair punk,Punk 5271.png
190,The Kpop yellow-dyed hair punk,Punk 5649.png
190,The Kpop yellow-dyed hair punk,Punk 5848.png
190,The Kpop yellow-dyed hair punk,Punk 7292.png
190,The Kpop yellow-dyed hair punk,Punk 8428.png
191,The grey-cap and green-eyed smoker,Punk 2758.png
192,The bearded captain,Punk 4945.png
193,The blue-white bandana 3d glasses bearded boy,Punk 8692.png
194,The ginger eyelid magicians,Punk 1687.png
194,The ginger eyelid magicians,Punk 3317.png
194,The ginger eyelid magicians,Punk 4583.png
194,The ginger eyelid magicians,Punk 5444.png
194,The ginger eyelid magicians,Punk 5891.png
194,The ginger eyelid magicians,Punk 6952.png
194,The ginger eyelid magicians,Punk 8053.png
194,The ginger eyelid magicians,Punk 8181.png
194,The ginger eyelid magicians,Punk 9443.png
195,The red Marlboro cigarette smoker,Punk 3621.png
195,The red Marlboro cigarette smoker,Punk 7240.png
196,The cat-eyed sunglasses punks,The red MPunk 3084.pngarlboro cigarette smoker
196,The cat-eyed sunglasses punks,Punk 5044.png
196,The cat-eyed sunglasses punks,Punk 5086.png
196,The cat-eyed sunglasses punks,Punk 8623.png
197,The purple-cap alien,Punk 9909.png
198,The red-haired mohawk punks,Punk 1454.png
198,The red-haired mohawk punks,Punk 1979.png
198,The red-haired mohawk punks,Punk 2393.png
198,The red-haired mohawk punks,Punk 2517.png
198,The red-haired mohawk punks,Punk 5847.png
198,The red-haired mohawk punks,Punk 7555.png
199,The green sunglasses farmer,Punk 1722.png
